Sequence,Ax_min,Ay_min,Az_min,Ax_max,Ay_max,Az_max,Ax_mean,Ay_mean,Az_mean,Ax_median,Ay_median,Az_median,Ax_std_dev,Ay_std_dev,Az_std_dev,Ax_range,Ay_range,Az_range,Ax_energy,Ay_energy,Az_energy,Ax_skewness,Ay_skewness,Az_skewness,Ax_kurtosis,Ay_kurtosis,Az_kurtosis,Ax_rms,Ay_rms,Az_rms,Ax_iqr,Ay_iqr,Az_iqr,Gx_min,Gy_min,Gz_min,Gx_max,Gy_max,Gz_max,Gx_mean,Gy_mean,Gz_mean,Gx_median,Gy_median,Gz_median,Gx_std_dev,Gy_std_dev,Gz_std_dev,Gx_range,Gy_range,Gz_range,Gx_energy,Gy_energy,Gz_energy,Gx_skewness,Gy_skewness,Gz_skewness,Gx_kurtosis,Gy_kurtosis,Gz_kurtosis,Gx_rms,Gy_rms,Gz_rms,Gx_iqr,Gy_iqr,Gz_iqr,Mx_min,My_min,Mz_min,Mx_max,My_max,Mz_max,Mx_mean,My_mean,Mz_mean,Mx_median,My_median,Mz_median,Mx_std_dev,My_std_dev,Mz_std_dev,Mx_range,My_range,Mz_range,Mx_energy,My_energy,Mz_energy,Mx_skewness,My_skewness,Mz_skewness,Mx_kurtosis,My_kurtosis,Mz_kurtosis,Mx_rms,My_rms,Mz_rms,Mx_iqr,My_iqr,Mz_iqr
11,-0.3116455,0.2435303,0.01837036,0.04962158,0.1496565,0.5551758,2.-0.4734347,2.041033,0.1507797,0.2580566,0.1999512,0.6473389,0.4514929,0.5072632,0.157274,0.4473877,22.8581,-0.2523224,1.50177,0.4781014,0.2937012,0.1785889,0.5834961,0.3864527,0.4126587,0.08835125,0.4049072,15.71516,-0.7798466,3.29366,0.3964235,0.04199219,-245.0,-245.0,-245.0,-245.0,0.0,0.0,6002501.0,0,0,245.0,0.0,-208.9992,-116.2419,-167.3522,-167.3421,29.42346,92.75727,2887249.0,0.1262779,1.677139,169.9191,56.03868,-36.96533,91.50864,10.12987,7.159042,40.501,128.474,174294.5,0.4559031,1.933758,41.74859,70.16235,-0.1088867,-0.1088867,-0.1088867,-0.1088867,0.0,0.0,1.185632,0,0,0.1088867,0.0,0.2683105,0.2683105,0.2683105,0.2683105,0.0,0.0,7.19905,0,0,0.2683105,0.0,-0.1248779,-0.1248779,-0.1248779,-0.1248779,0.0,0.0,1.559448,0,0,0.1248779,0.0,
16,0.2380371,0.5708008,0.3342432,0.2832031,0.09309977,0.3327637,12.03861,1.075728,2.798824,0.346967,0.1119385,-1.078125,-0.5057373,-0.9046473,-0.9940796,0.1738025,0.5723877,84.88141231,2.238735,0.9211916,0.3039551,0.05151367,0.5479736,0.2739172,0.2758789,0.1384378,0.49646,9.41957,0.1458954,2.210911,0.3069132,0.1965332,-112.3316,-79.98688,-93.27041,-94.05076,10.0879,32.34467,880113.3,-0.4424141,1.941172,93.81435,14.38538,228.6931,244.9626,241.4875,244.9589,4.483953,16.26953,5833620.0,-0.9649824,2.609998,241.5289,6.841278,12.83768,103.965,68.04509,78.34946,30.04357,91.12733,553274.8,-0.444769,1.710191,74.38245,54.87229,0.04846191,0.04846191,0.04846191,0.04846191,0.0,0.0,0.2348557,0,0,0.04846191,0.0,0.3306885,0.3306885,0.3306885,0.3306885,0.0,0.0,10.93549,0,0,0.3306886,0.0,-0.177124,-0.177124,-0.177124,-0.177124,0.0,0.0,3.137295,0,0,0.1771241,0.0,
18,0.1700439,0.4082031,0.2817725,0.2741699,0.06813042,0.2381592,8.403748,0.3515239,1.876178,0.2898922,0.1295166,-0.173584,0.6868896,0.123512,0.0006713867,0.2231873,0.8604736,6.506778,1.088321,2.903061,0.2550838,0.3103027,-0.5523682,-0.1091309,-0.3386817,-0.3711548,0.1633546,0.4432373,14.139,0.1854659,1.465878,0.3760186,0.376709,-137.6555,14.98352,-85.71271,-114.8213,52.89829,152.639,1014490.00.6640211,1.848161,100.7219,96.45081,-60.77896,122.657,9.286123,0.7738495,51.46347,183.436,273472.1,0.5154032,2.123678,52.29456,89.86374,-245.0,-245.0,-245.0,-245.0,0.0,0.0,6002501.0,0,0,245.0,0.0,0.1453857,0.1453857,0.1453857,0.1453857,0.0,0.0,2.1137,0,0,0.1453,0.0,0.3848877,0.3848877,0.3848877,0.3848877,0.0,0.0,14.81387,0,0,0.384888,0.0,-0.1629639,-0.1629639,-0.1629639,-0.1629639,0.0,0.0,2.655721,0,0,0.1629638,0.0,
19,0.3934326,0.8492432,0.6085462,0.6260986,0.1344669,0.4558105,38.84098,0.02158329,1.749438,0.6232253,0.2646484,-0.8013916,-0.1881104,-0.5495447,-0.5692139,0.1842291,0.6132813,33.59398,0.5507252,2.219995,0.5796031,0.2982178,1.066528,1.730713,1.43965,1.459351,0.1868788,0.6641846,210.7515,-0.1853456,1.897925,1.451728,0.3103027,-239.0709,-176.6994,-221.6315,-224.7939,13.62719,62.37152,4930620.1.325493,4.567657,222.05,11.11053,107.5987,244.9626,198.5729,199.1821,43.77026,137.3639,4134700.0,-0.2445924,1.608406,203.3396,79.9196,-80.5925,-6.833802,-38.10817,-33.66432,25.25486,73.7587,209003.9,-02033,1.64077,45.71695,46.4235,0.02587891,0.02587891,0.02587891,0.02587891,0.0,0.0,0.06697178,0,,0.02587891,0.0,0.1739502,0.1739502,0.1739502,0.1739502,0.0,0.0,3.025866,0,0,0.17,0.0,-0.2143555,-0.2143555,-0.2143555,-0.2143555,0.0,0.0,4.594824,0,0,0.2143554,0.0,
22,-0.3537598,0.3132324,-0.05228149,-0.07263184,0.2199071,0.6669922,5.10925,0.2180933,1.674217,0.2260365,0.4124756,1.611206,2.558105,2.000619,1.883545,0.2964401,0.9468994,409.0352,8758,2.032451,2.022462,0.4927979,-0.05749512,0.7253418,0.3153528,0.2945557,0.2639534,0.7828369,16.0.2412729,1.617618,0.4112405,0.5157471,153.6334,244.9626,227.5849,244.9626,29.59063,91.32921,5267053.0,-1.318804,3.00207,229.5006,26.89407,120.6682,244.9626,234.1374,244.9626,25.65404,124.2944,5547840.0,-2.882998,10.55268,235.5385,8.261871,-206.3599,165.4991,16.40291,-0.8934784,68.13203,371.859,491102.9,0.2921516,3.763919,70.07874,42.31873,0.4803467,0.4803467,0.4803467,0.4803467,0.0,0.0,23.07332,0,0,0.480347,0.0,-0.1094971,-0.1094971,-0.1094971,-0.1094971,0.0,0.0,1.19896,0,0,0.109497,0.0,0.1220703,0.1220703,0.1220703,0.1220703,0.0,0.0,1.490116,0,0,0.1220703,0.0,
25,-0.9853516,1.040405,0.3357178,0.3776245,0.2924327,2.025757,19.82233,-1.347578,8.861235,0.4452228,0.2227783,-0.0008544922,1.552124,0.7016113,0.7130127,0.2273262,1.552979,54.39355,0.1916924,4.777862,0.7375198,0.2438965,-0.1118164,2.09375,0.7053516,0.6968994,0.3023335,2.205566,58.892643,9.779993,0.7674154,0.2513428,-77.12326,-16.25458,-50.81807,-56.52092,18.38503,60.86868,292048.5,0.4627601,1.915096,54.04152,32.15775,-114.4176,131.6591,-15.1581,-18.94249,70.35194,246.0767,517916.3,0.2231554,2.081779,71.9664,128.9076,-165.7982,-24.32953,-84.70985,-81.30653,32.93261,141.4687,826031.3,-0.5305161,3.263291,90.88626,30.26612,-0.03015137,-0.03015137,-0.03015137,-0.03015137,0.0,0.0,0.09091049,0,0,0.03015137,0.0,0.1733398,0.1733398,0.1733398,0.1733398,0.0,0.0,3.00467,0,0,0.1738,0.0,-0.1574707,-0.1574707,-0.1574707,-0.1574707,0.0,0.0,2.479699,0,0,0.1574706,0.0,
37,-0.4631348,0.5626221,0.08419434,0.2070313,0.2965719,1.025757,9.504361,-0.3330317,1.90614,0.3082914,0.4291992,-0.364624,0.6936035,0.1477466,0.1543579,0.2133326,1.058228,6.733987,0.1437662,3.347903,0.2594993,0.2156982,0.1495361,0.5855713,0.3594006,0.3391724,0.1291249,0.4360352,14.58421,0.2986888,1.912976,0.3818928,0.22229,-174.0526,59.08173,-27.47053,23.18184,84.14766,233.1343,783545.9,-0.6709664,1.809873,88.51813,145.5734,195.0475,244.9626,240.8891,244.9626,11.22344,49.91516,5815346.0,-2.801573,9.683174,241.1503,0.0,-245.0,-245.0,-245.0,-245.0,0.0,0.0,6002501.0,0,0,245.0,0.0,0.5705566,0.5705566,0.5705566,0.5705566,0.0,0.0,32.55349,0,0,0.5705566,0.0,0.07958984,0.07958984,0.07958984,0.07958984,0.0,0.0,0.6334543,0,00.07958984,0.0,0.009887695,0.009887695,0.009887695,0.009887695,0.0,0.0,0.009776651,0,0,0.009887695,0.0,
39,-0.7531738,-0.1721191,-0.5074084,-0.5164795,0.1447134,0.5810547,27.84053,0.3798976,2.595076,0.5276412,0.1748047,0.7086182,1.715332,1.251536,1.35376,0.362627,1.006714,169.784,-0.1732,1.303012,0.7607422,0.8338623,1.791504,1.34481,1.291321,0.3491098,0.9576416,193.039,-939393,1.397813,1.389385,0.7008057,49.73572,156.497,115.3438,131.046,31.36189,106.7613,1428778.0,-0.7000479,2.149439,119.5315,48.79363,57.39945,244.9626,153.1279,136.7358,71.74577,187.5632,2859560.0,0.1553215,1.384971,169.1023,163.7421,25.30899,183.7949,144.0758,161.2635,42.73549,158.4859,2258416.0,-1.364849,3.652033,150.2803,42.1991,-0.1481934,-0.003662109,-0.07448242,-0.003662109,0.0722512,0.1445313,1.076783,-0.04000795,1.0016,0.1037682,0.1445313,0.1619873,0.390625,0.2785925,0.390625,0.114296,0.2286377,9.067737,-0.04000767,1.0016,0.3011268,0.2286377,-0.1079102,-0.004150391,-0.05706787,-0.1079102,0.05186948,0.1037598,0.5947187,0.04000847,1.001602,0.07711801,0.1037598,
41,-0.7532959,-0.04504395,-0.3525781,-0.3486938,0.2222866,0.708252,17.37227,-0.2337615,1.814714,0.4168005,0.3859863,1.350098,1.86084,1.618788,1.64502,0.1357303,0.5107422,263.8897,-0.1229056,2.018547,1.624468,0.194458,-0.08544922,0.8364258,0.4861463,0.545166,0.2968698,0.921875,32.44698,-0.4229246,1.70128,0.5696225,0.5996094,88.36839,206.1057,142.0668,147.1772,32.58008,117.7373,2124444.0,0.01154835,2.018687,145.7547,51.575,-183.6678,80.19623,-94.02302,-141.7117,90.85635,263.864,1709521.0,0.6639405,1.871502,130.7486,159.1139,158.0148,244.9626,229.0434,244.9626,26.9917,86.9478,5318946.0,-1..359763,230.6284,25.06226,-0.01806641,-0.01806641,-0.01806641,-0.01806641,0.0,0.0,0.0326395,0,0,0.01806641,0.0,0.2850342,0.2850342,0.2850342,0.2850342,0.0,0.0,8.124448,0,0,0.2850342,0.0,-0.159668,-0.159668,-0.159668,-0.159668,0.0,0.0,2.549386,0,0,0.159668,0.0,
42,-0.5322266,0.06958008,-0.2323486,-0.2755737,0.1987436,0.6018066,9.348493,0.2235624,1.46956,0.305753,0.37854,0.7252197,1.254395,0.9656555,0.9137573,0.1566375,0.5291748,95.70261,0.5996926,2.027458,0.9782771,0.2717285,-0.7008057,0.2926025,-0.2395838,-0.1263428,0.2821789,0.9934082,130.2811439,1.874069,0.3701693,0.4952393,101.4154,168.4674,125.1842,123.2066,15.69933,67.05199,1591754.0,0.7699296,3.130042,126.1647,21.57058,-165.8655,-48.77869,-123.3799,-126.9936,30.05847,117.0868,1612611.0,0.762723,2.893276,126.9886,38.79714,244.9626,244.9626,244.9628,244.9626,0.0001220703,0.0,6000667.0,-1.0,1.0,244.9626,0.0,-0.09228516,-0.09228516,-0.09228516,-0.09228516,0.0,0.0,0.851655,0,0,0.09228516,0.0,0.1938477,0.1938477,0.1938477,0.1938477,0.0,0.0,3.757691,0,0,0.1938477,0.0,-0.1134033,-0.1134033,-0.1134033,-0.1134033,0.0,0.0,1.28603,0,0,0.3,0.0,
44,-0.09887695,0.4034424,0.1747192,0.1601563,0.151334,0.5023193,5.34288,-0.1909106,1.735431,0.2311467,0.2528076,0.8894043,1.492188,1.309796,1.348511,0.1511471,0.6027832,173.8412899,3.272799,1.318488,0.168457,0.09509277,0.618042,0.3618994,0.3713989,0.105779,0.5229492,14.21604,-0.3890215,3.722828,0.3770416,0.1102295,109.7371,229.5828,145.3403,132.6647,34.42184,119.8457,2230866.0,1.359476,3.547129,149.3608,26.25106,-161.6859,-95.84519,-133.2217,-135.8835,21.46436,65.84075,1820875.0,0.360133,1.734452,134.9398,41.08504,117.6849,244.9626,192.689,206.229,51.40741,127.2777,3977179.0,-0.228846,1.291494,199.4286,109.7745,0.4073486,0.4073486,0.4073486,0.4073486,0.0,0.0,16.59329,0,0,0.4073486,0.0,-0.09863281,-0.09863281,-0.09863281,-0.09863281,0.0,0.0,0.9728432,0,0,0.09863281,0.0,-0.1016846,-0.1016846,-0.1016846,-0.1016846,0.0,0.0,1.033974,0,0,0.1016845,0.0,
50,-0.3780518,0.6850586,0.2738049,0.374939,0.3722529,1.06311,21.35414,-0.4417536,1.703503,0.4621054,0.741333,0.2248535,1.202148,0.897904,1.096558,0.3197154,0.9772949,90.84497,-0.8346322,2.1337,0.9531263,0.5158691,1.962036,2.663086,2.327761,2.290161,0.2333375,0.7010498,547.2918,0.472546,2.339427,0.4882813,-68.19595,96.05454,36.24031,64.24446,47.93227,164.2505,361086.2,-0.8614887,2.263567,60.09045,70.54367,-116.5709,-6.886139,-75.9471,-95.66575,40.23631,109.6848,738692.2,0.5709924,1.640773,85.9472,78.09525,-190.4418,21.33133,-53.89866,-19.99672,73.24334,211.7731,826965.3,-0.5001029,1.557739,90.93763,145.1099,-0.04980469,-0.04980469,-0.04980469,-0.04980469,0.0,0.0,0.2480507,0,0,0.04980469,0.0,0.08630371,0.08630371,0.08630371,0.08630371,0.0,0.0,0.7448321,0,0,0.08630365,0.0,-0.1964111,-0.1964111,-0.1964111,-0.1964111,0.0,0.0,3.857732,0,0,0.1964111,0.0,
52,-0.2518311,0.1881104,-0.01067749,0.005737305,0.114121,0.4399414,1.313761,-0.5458961,2.507487,0.1146194,0.1702881,-0.9613037,-0.6378174,-0.7698865,-0.7631836,0.08739832,0.3234863,60.03637,-0.6300701,2.551851,0.7748314,0.1099854,0.8083496,1.317383,1.013219,0.9785767,0.1609527,0.5090332,105.2519,0.6806519,2.253048,1.025923,0.2253418,-106.6193,64.56223,-12.20065,18.17612,53.24028,171.1815,298338.3,-0.2764527,1.434259,54.62036,107.0006,-30.21378,31.79886,-5.600124,-15.08072,20.97374,62.01264,47125.92,0.5595863,1.634631,21.70851,46.28891,-84.27109,244.9626,71.7999,10.81146,106.1484,329.2337,1642271.0,0.3494589,1.674519,128.1511,181.2752,-0.08093262,-0.08093262,-0.08093262,-0.08093262,0.0,0.0,0.6550079,0,0,0.08093256,0.0,0.04968262,0.04968262,0.04968262,0.04968262,0.0,0.0,0.2468362,0,0968262,0.0,-0.111084,-0.111084,-0.111084,-0.111084,0.0,0.0,1.233964,0,0,0.1110839,0.0,
56,0.3875732,0.7479248,0.5854663,0.6212769,0.1142601,0.3603516,35.5807529,1.57917,0.5965116,0.2427979,-0.0246582,0.4730225,0.1888782,0.1863403,0.1422194,0.4976807,5.59013,0.1297705,1.972143,0.2364346,0.2285156,-1.821411,-0.6745605,-1.435559,-1.445496,0.2645444,1.146851,213.0814,0.691534,3.112412,1.459731,0.2896729,-186.4417,-64.20334,-139.4038,-136.362,33.37357,122.2383,2054722.0,0.4707316,2.289067,143.343,54.31152,-164.0411,244.9626,49.04262,30.56892,139.8756,409.0038,2197037.0,0.1093559,1.543291,148.224,275.1465,-20.83786,6.116028,-5.252233,-5.487976,6.563941,26.95389,7067.126,2925497,2.971233,8.40662,6.759033,0.3588867,0.3588867,0.3588867,0.3588867,0.0,0.0,12.87995,0,0,0.3588865,0.0,0.4863281,0.4863281,0.4863281,0.4863281,0.0,0.0,23.6515,0,0,0.4863281,0.0,0.06030273,0.06030273,0.06030273,0.06030273,0.0,0.0,0.363642,0,0,0.06030273,0.0,
58,0.5949707,0.7194824,0.6339331,0.62323,0.03299891,0.1245117,40.29602,1.080262,3.076729,0.6347914,0.04956055,-0.4595947,0.1668701,-0.09832397,-0.06695557,0.216034,0.6264648,5.633829,-0.2687995,1.556519,0.2373569,0.3562012,-1.456421,-0.6901855,-1.174657,-1.253479,0.2314389,0.7662354,143.3383,0.6249931,2.068279,1.19724,0.3814697,-90.2002,-14.20593,-69.72678,-82.06543,21.63377,75.99427,532984.0,0.9231096,2.698226,73.00575,32.38205,-104.0173,70.3418,-11.99623,12.11243,59.63183,174.3591,369986.6,-0.2786527,1.501659,60.82652,115.1877,-41.42899,-12.27692,-28.43475,-36.67747,11.95047,29.15207,95134.850.2768353,1.235982,30.84394,25.38376,0.3110352,0.3110352,0.3110352,0.3110352,0.0,0.0,9.674273,0,0,0.31109,0.0,0.3098145,0.3098145,0.3098145,0.3098145,0.0,0.0,9.598502,0,0,0.3098145,0.0,-0.1580811,-0.1580811,-0.1580811,-0.1580811,0.0,0.0,2.498961,0,0,0.158081,0.0,
59,1.31665,1.87207,1.522535,1.452209,0.17274,0.5554199,234.7953,0.9130725.457728,1.532303,0.2418213,-0.7237549,-0.171875,-0.4000696,-0.3115234,0.1837245,0.5518799,19.38103,-0.6232402,1.799406,0.4402389,0.3354492,0.05834961,0.3123779,0.1770142,0.1765747,0.07116007,0.2540283,3.639777,0.3762626,2.468212,0.190782,0.08190918,-36.22513,48.56186,-9.535622,-13.03955,18.79223,84.78699,44407.61,1.346717,4.65578,21.07311,10.66193,6.587067,36.3298,21.52356,21.62292,9.526896,29.74274,55402.54,0.02595029,1.727252,23.53774,16.28448,19.69391,74.86526,60.33416,64.96597,14.30649,55.17136,384488.7,-1.96,4.310235,62.00716,10.39276,0.2790527,0.2790527,0.2790527,0.2790527,0.0,0.0,7.787038,0,0,0.2790526,0.0,0.3688965,0.3688965,0.3688965,0.3688965,0.0,0.0,13.60846,0,0,0.3688964,0.0,-0.1583252,-0.1583252,-0.1583252,-0.1583252,0.0,0.0,2.506685,0,0,0.1583251,0.0,
60,1.233032,1.984131,1.662725,1.609741,0.2537456,0.7510986,282.9041,-7119,1.591867,1.681975,0.4776611,-0.6594238,-0.4090576,-0.583252,-0.6033325,0.06967677,0.2503662,34.50377,1.159316,3.272611,0.5873991,0.06860352,0.1292725,0.7756348,0.4510193,0.3713989,0.2317861,0.6463623,25.71432,0.1350124,1.488853,0.5070929,0.4637451,-26.73706,9.846954,-7.418416,-10.00397,12.05318,36.58401,20031.21-0.005591916,1.607852,14.15316,24.92767,-15.14053,42.87201,25.73562,30.41939,13.48114,58.01254,84406.3,-1.392818,4.420079,29.05276,12.17224,9.114227,82.30469,42.66654,34.28864,29.75554,73.19046,270582.7,0.2018448,1.252159,52.01756,63.14163,0.326416,0.326416,0.326416,0.326416,0.0,0.0,10.65474,0,0,0.326415,0.0,0.43396,0.43396,0.43396,0.43396,0.0,0.0,18.83213,0,0,0.43396,0.0,-0.1206055,-0.1206055,-0.1206055,-0.1206055,0.0,0.0,1.454568,0,0,0.1206055,0.0,
64,-0.411377,-0.09069824,-0.2880835,-0.2992554,0.0868769,0.3206787,9.053972,0.3978077,2.098342,0.3008982,0.1269531,0.3918457,0.6264648,0.4943604,0.4506836,0.08036548,0.2346191,25.08508,0.5811158,1.637418,0.5008501,0.15271,1.064941,1.588745,1.265011,1.209778,0.1735794,0.5238037,163.0383,0.7014771,2.067419,1.276864,0.2706299,-243.6392,79.59061,-16.41832,56.92841,107.4079,323.2299,1180602.0,-0.7522213,2.11326,108.6555,173.0806,-199.1672,81.37009,-33.81312,-35.13351,83.14802,280.5373,805691.6-0.3197831,1.829038,89.76032,148.923,-21.41357,14.07883,5.106136,7.757187,7.601296,35.4924,8385.232,-1.877845,5.871103,9.157091,4.037476,0.3638916,0.3638916,0.3638916,0.3638916,0.0,0.0,13.2417,0,0,0.3638915,0.0,0.4273682,0.4273682,0.4273682,0.4273682,0.0,0.0,18.26437,0,0,0.4273684,0.0,0.05664063,0.05664063,0.05664063,0.05664063,0.0,0.0,0.320816,0,0,0.05664063,0.0,
67,-0.5594482,0.4931641,-0.05718994,-0.02435303,0.3558591,1.052612,12.99064,-0.01957516,1.244376,0.3604253,0.6844482,-0.0135498,0.434082,0.2268274,0.2401123,0.1192196,0.4476318,6.5663885425,2.340074,0.2562499,0.161499,-0.6174316,1.391113,0.4715064,0.4855957,0.5749379,2.008545,55.2872,-0.1717898,2.076584,0.7435536,0.8984375,-133.2741,-64.18091,-101.5205,-96.64895,23.2253,69.09317,1084583.0,0.08445461,1.520187,104.1433,37.92237,244.9626,244.9626,244.9628,244.9626,0.0001220703,0.0,6000667.0,-1.0,1.0,244.9626,0.0,-92.23389,36.50925,-39.39119,-61.10421,41.93698,128.7431,331037.7,0.5174533,1.608396,57.53588,82.13272,0.2679443,0.3937988,0.3875061,0.3937988,0.02742938,0.1258545,15.09135,-4.129453,18.05247,0.3884759,0.0,0.04760742,0.3795166,0.3629211,0.3795166,0.07233807,0.3319092,13.69444,-4.129449,18.05245,0.37006,0.0,-0.2122803,-0.02783203,-0.03705444,-0.02783203,0.04019959,0.1844482,0.2989037,-4.129476,18.05265,0.05467208,0.0,
68,-0.4125977,0.8365479,0.3109021,0.3761597,0.3775089,1.249146,23.91731,-0.3679233,1.887883,0.4890533,0.7124023,-0.05432129,0.3374023,0.1621216,0.1713867,0.09839099,0.3917236,3.596419,-0.2717691,2.221126,0.1896423,0.1583252,-0.7044678,0.5633545,-0.04585449,0.01989746,0.3580113,1.267822,13.02748,-0.1523034,2.029874,0.360936,0.5456543,-63.58277,43.61221,-26.79911,-30.61753,32.60752,107.195,178144.3,0.5006589,1.870289,42.20714,59.12659,-245.0,-245.0,-245.0,-245.0,0.0,0.0,6002501.0,0,0,245.0,0.0,56.18821,137.1844,103.4314,102.4734,22.11879,80.99625,1118729.0,-0.1565167,1.983527,105.77,40.47196,0.3937988,0.3937988,0.3937988,0.3937988,0.0,0.0,15.50777,0,0,0.3937991,0.0,0.3795166,0.3795166,0.3795166,0.3795166,0.0,0.0,14.40327,0,0,0.3795165,0.0,-0.02783203,-0.02783203,-0.02783203,-0.02783203,0.0,0.0,0.0774622,,0.02783203,0.0,
69,-0.4530029,0.004272461,-0.264458,-0.2637939,0.1161507,0.4572754,8.342901,0.1372607,2.162906,0.2888408,0.2050781,0.05480957,0.4429932,0.2811841,0.3175659,0.1155275,0.3881836,9.241108,-0.5867282,2.047351,0.3039919,0.1937256,-0.1029053,1.374268,0.8971155,1.086731,0.4212176,1.477173,98.22404,-1.016194,2.714664,0.9910805,0.5296631,-115.4569,-47.5824,-88.89508,-102.0285,24.94028,67.87445,852434.7,0.5448148,1.547918,92.32738,52.15821,244.9626,244.9626,244.9628,244.9626,0.0001220703,0.0,6000667.0,-1.0,1.0,244.9626,0.0,-32.23251,57.76581,15.01768,20.49767,34.26797,89.99832,139982.4,-0.1600358,1.403575,37.41423,75.3737,0.08105469,0.08105469,0.08105469,0.08105469,0.0,0.0,0.6569862,0,0,0.08105469,0.0,0.4234619,0.4234619,0.4234619,0.4234619,0.0,0.0,17.93201,0,0,0.423462,0.0,-0.04418945,-0.04418945,-0.04418945,-0.04418945,0.0,0.0,0.1952708,0,0.04418945,0.0,
70,-0.002319336,0.878418,0.5972375,0.6982422,0.2648856,0.8807373,42.68573,-188,2.278577,0.6533432,0.4481201,-0.08764648,0.3417969,0.06938598,0.05236816,0.1008009,0.4294434,1.497522,0.6061319,3.10051,0.1223733,0.1182861,-0.2254639,0.5118408,0.1208984,0.0524292,0.2179166,0.7373047,6.210407,0.2858274,1.842194,0.2492069,0.3493652,-80.6897,-33.18954,-61.50675,-59.34342,12.55212,47.50015,394063.7,0.190016,2.046269,62.77449,20.91262,-245.0,-186.008,-239.8341,-245.0,13.71805,58.992,5770856.0,2.724992,9.231984,240.2261,0.0,-67.45575,154.1942,45.27813,54.10592,65.60684,221.6499,635436.5,-0.142274,1.84768,79.71427,107.4866,0.401123,0.401123,0.401123,0.401123,0.0,0.0,16.08999,0,0,0.4011233,0.0,0.4018555,0.4018555,0.4018555,0.4018555,0.0,0.0,16.14876,0,0,0.4018553,0.0,0.04187012,0.04187012,0.04187012,0.04187012,0.0,0.0,0.1753107,0,00.04187012,0.0,
74,-0.3470459,0.1517334,-0.04821899,-0.03900146,0.1279428,0.4987793,1-0.5001009,2.882746,0.1367276,0.1577148,-0.6647949,0.07775879,-0.3421729,-0.3361816,0.2024884,0.7425537,15.80838,0.237062,2.341304,0.3975976,0.3062744,0.5915527,1.018066,0.8322619,0.8624268,0.1197381,0.4265137,70.69971,-0.3685797,2.030431,0.8408312,0.1759033,-245.0,-89.95347,-201.2184,-236.6148,56.58806,155.0465,4369104.0,0.9236793,2.221495,209.024,88.7198,-79.65042,43.38791,-16.15985,-8.744125,36.86533,123.0383,162019.3,-0.1677305,2.022978,40.25162,56.12091,92.2638,244.9626,216.1164,244.9626,49.0257,152.6988,4910978.0,-1.425067,3.437899,221.6073,41.35422,-0.005981445,-0.005981445,-0.005981445,-0.005981445,0.0,0.0,0.003577769,0,0,0.005981445,0.0,0.3852539,0.3852539,0.3852539,0.3852539,0.0,0.0,14.84204,0,0,0.3852537,0.0,-0.02062988,-0.02062988,-0.02062988,-0.02062988,0.0,0.0,0.0425592,0,0,0.02062988,0.0,
75,-0.4266357,0.3537598,0.08736328,0.08947754,0.1550625,0.7803955,3.1,-1.460753,5.768673,0.1779796,0.1442871,-0.873291,-0.2523193,-0.5513477,-0.5378418,0.156877,0.6209717,32.85947,-0.2269197,2.21792,0.5732318,0.2572021,0.5402832,1.216064,0.8855774,0.8467407,0.195071,0.6757813,82.23,0.247091,2.014405,0.9068076,0.3602295,1.345825,244.1028,118.9989,155.9138,78.38493,242.757,2030494.0,-0.3628187,1.580457,142.4954,154.269,-81.39999,50.88715,-35.99418,-37.02141,31.57961,132.2871,229285.1.6773834,3.080967,47.88373,44.29261,-245.0,-86.89545,-194.6836,-245.0,64.73482,158.1046,4209232.0,0.6745,1.607238,205.1641,136.9078,0.1783447,0.1783447,0.1783447,0.1783447,0.0,0.0,3.180687,0,0,0.1783448,0.0,0.2514648,0.2514648,0.2514648,0.2514648,0.0,0.0,6.323448,0,0,0.2514647,0.0,-0.1656494,-0.1656494,-0.1656494,-0.1656494,0.0,0.0,2.743975,0,0,0.495,0.0,
80,-0.4675293,0.1790771,-0.09897705,-0.03613281,0.2023585,0.6466064,5.074541,-0.3466412,1.800696,0.2252674,0.3527832,0.2703857,0.9906006,0.6593823,0.6390991,0.1852119,0.7202148,46.90886,0.1714733,2.44717,0.6849004,0.2285156,0.3157959,0.8067627,0.5261402,0.4710083,0.1549228,0.4909668,30.08245,0.5010458,1.831341,0.5484747,0.2557373,19.80606,152.6091,73.88318,82.12151,35.07111,132.803,668870.8,0.1739421,2.350734,81.78452,50.55817,-186.5164,-130.2534,-156.42,-143.5509,19.54249,56.26299,2484912.0,-0.3904046,1.374619,157.636,38.96913,76.24847,138.4929,111.4876,118.0102,19.75068,62.24442,1281958.0,-0.5824742,2.05459,113.2236,30.97641,0.1265869,0.1265869,0.1265869,0.1265869,0.0,0.0,1.602423,0,0,0.1265869,0.0,0.4868164,0.4868164,0.4868164,0.4868164,0.0,0.0,23.699,0,0,0.4868,0.0,0.08581543,0.08581543,0.08581543,0.08581543,0.0,0.0,0.7364278,0,00.08581537,0.0,
81,-0.07653809,0.208374,0.06256836,0.06878662,0.07111628,0.2849121,0.897232,0.04187381,2.155889,0.09472233,0.1101074,0.1375732,0.6544189,0.4300208,0.4372559,0.1461616,0.5168457,20.62810.3037112,1.971285,0.4541818,0.2497559,-0.09338379,1.006592,0.6123254,0.612854,0.3251337,1.099976,48.06544,-0.6065137,2.518723,0.6932924,0.4412842,124.5636,221.6724,176.7608,187.4249,30.48542,97.10877,3217377.0,-0.369047,1.914378,179.3705,50.64043,-221.6724,-121.1392,-189.1696,-204.6253,29.69788,100.5331,3666707.0,0.8399336,2.342914,191.4865,46.2964,52.30027,107.8156,76.18477,70.49133,18.22256,55.51529,613618.2,0.5529811,1.900622,78.33379,31.21567,0.4505615,0.4505615,0.4505615,0.4505615,0.0,0.0,20.30056,0,0,0.4505614,0.0,0.3261719,0.3261719,0.3261719,0.3261719,0.0,0.0,10.63881,0,0,0.3261719,0.0,0.2956543,0.2956543,0.2956543,0.2956543,0.0,0.0,8.741145,0,0,0.2956543,0.0,
83,-1.438721,-0.53125,-1.00826,-1.01001,0.1839312,0.9074707,105.042,0.643213,3.867318,1.0249,0.1158447,-0.1026611,1.13501,0.4386548,0.4831543,0.2265106,1.237671,24.3725,-0.4483454,3.832931,0.4936852,0.1500244,0.5668945,1.596924,0.9120642,0.9040527,0.1864347,1.030029,86.6619878934,3.431457,0.9309238,0.3140869,86.10291,233.6876,178.7042,178.0004,42.26678,147.5847,3372168.0,-0.4746593,2.335552,183.6346,61.77339,-183.5855,99.35929,-36.53048,-25.67536,87.98849,282.9448,907645.3,-0.1180896,1.895737,95.27042,137.5733,67.38846,207.2421,128.7763,130.1301,45.5062,139.8537,1865416.0,0.1979579,1.733932,136.5802,87.0076,0.05871582,0.05871582,0.05871582,0.05871582,0.0,0.0,0.3447543,0,0,0.05871578,0.0,0.2109375,0.2109375,0.2109375,0.2109375,0.0,0.0,4.449463,0,0,0.2109375,0.0,-0.1865234,-0.1865234,-0.1865234,-0.1865234,0.0,0.0,3.479099,0,0,0.1865234,0.0,
84,-0.5612793,-0.21521,-0.3896008,-0.3961792,0.09868916,0.3460693,16.15284,0.2492289,2.103546,0.4019059,0.1553955,-0.5587158,0.05749512,-0.2693689,-0.2734375,0.1983204,0.6162109,11.18906,-0.05853977,1.365081,0.3345005,0.4069824,1.065796,1.545166,1.259627,1.232788,0.1668986,0.4793701,161.4514,0.3575969,1.585282,1.270635,0.3085938,85.69916,243.2878,154.7111,150.0221,41.16912,157.5887,2563041.0,0.6212521,2.876801,160.095,30.69229,20.97244,127.7861,92.46621,106.294,33.73498,106.8137,968804.7,-0.6749956,2.069977,98.42788,53.93021,128.5114,213.7171,168.3138,163.1551,21.25411,85.2057,2878127.0,0.4635015,2.562209,169.6504,23.70149,0.05871582,0.1674805,0.06959229,0.05871582,0.03262939,0.1087646,01,2.666667,8.111115,0.07686196,0.0,0.2109375,0.4788818,0.2377319,0.2109375,0.0803833,0.2679443,6.2977,8.111111,0.250954,0.0,-0.1865234,0.1164551,-0.1562256,-0.1865234,0.09089356,0.3029785,3.266807,2.666667,8.111111,0.1807431,0.0,
92,-0.225708,-0.1018066,-0.1679895,-0.1621094,0.04070022,0.1239014,2.987698,-0.07418305,1.453136,0.1728496,0.08398438,-0.6846924,-0.1737061,-0.526908,-0.6143799,0.1578224,0.5109863,30.2.8645674,2.364666,0.5500363,0.260376,0.8955078,1.1698,1.026337,1.016968,0.07358482,0.274292,105.8782,0.5227435,2.255804,1.028971,0.104126,19.03595,40.51682,29.46506,27.09595,6.799649,21.48087,91442.44,0.2421798,1.439092,30.23945,13.62274,-22.26593,32.25494,6.294798,8.818893,17.72775,54.52087,35389.78,-0.1214389,1.702646,18.81217,33.60825,83.80753,150.6352,122.0511,127.102,21.36346,66.8277,1535287.0,-0.3213435,1.776604,123.9067,38.04198,0.4039307,0.4039307,0.4039307,0.4039307,0.0,0.0,16.31601,0,0,0.4039309,0.0,0.4438477,0.4438477,0.4438477,0.4438477,0.0,0.0,19.70006,0,0,0.4438475,0.0,0.152832,0.152832,0.152832,0.152832,0.0,0.0,2.335763,0,0,0.152832,0.0,
93,-0.09838867,0.3342285,0.1846375,0.2320557,0.1365056,0.4326172,5.2269217,2.370034,0.2296187,0.173584,-0.4935303,0.4177246,-0.09706055,-0.1306763,0.3168621,0.9112549,10.98223,0.08623966,1.32286,0.3313946,0.6347656,0.6713867,1.140503,0.8827563,0.833252,0.1449295,0.4691162,80.02637,0.3950803,1.70239,0.8945745,0.2756348,-242.1813,-114.7241,-198.3285,-215.9265,45.1839,127.4571,4137578.0,0.8298056,2.125174,203.4104,75.88213,-46.52817,44.7786,-17.13767,-22.39678,22.5024,91.30677,80005.76,1.008938,3.587295,28.28529,19.88083,-245.0,-36.62888,-178.9691,-196.9316,60.98774,208.3711,3574945.0,0.9273253,2.664976,189.0752,90.58153,0.08032227,0.08032227,0.08032227,0.08032227,0.0,0.0,0.6451666,0,0,0.08032227,0.0,0.3173828,0.3173828,0.3173828,0.3173828,0.0,0.0,10.07318,0,0,0.3173828,0.0,-0.1224365,-0.1224365,-0.1224365,-0.1224365,0.0,0.0,1.499069,0,0,0.1224365,0.0,
